{"G_loss":30.050281524658203,"dice_score_G_val":0.159,"total_loss":30.05187225341797,"_runtime":82.517781,"_step":1,"_wandb":{"runtime":86},"_timestamp":1.733824040644958e+09,"style_loss_G":0.158935546875,"D_fake":0.48170024156570435,"D_real":0.4936189651489258}